filename,microregister,mesoregister,macroregister,mode
academicW2A-001_MAT.txt,academic,academic,academic,written
academicW2A-002_MAT.txt,academic,academic,academic,written
academicW2A-003_MAT.txt,academic,academic,academic,written
academicW2A-004_MAT.txt,academic,academic,academic,written
academicW2A-005_MAT.txt,academic,academic,academic,written
academicW2A-006_MAT.txt,academic,academic,academic,written
academicW2A-007_MAT.txt,academic,academic,academic,written
academicW2A-008_MAT.txt,academic,academic,academic,written
academicW2A-009_MAT.txt,academic,academic,academic,written
academicW2A-010_MAT.txt,academic,academic,academic,written
academicW2A-011_MAT.txt,academic,academic,academic,written
academicW2A-012_MAT.txt,academic,academic,academic,written
academicW2A-013_MAT.txt,academic,academic,academic,written
academicW2A-014_MAT.txt,academic,academic,academic,written
academicW2A-015_MAT.txt,academic,academic,academic,written
academicW2A-016_MAT.txt,academic,academic,academic,written
academicW2A-017_MAT.txt,academic,academic,academic,written
academicW2A-018_MAT.txt,academic,academic,academic,written
academicW2A-019_MAT.txt,academic,academic,academic,written
academicW2A-020_MAT.txt,academic,academic,academic,written
academicW2A-021_MAT.txt,academic,academic,academic,written
academicW2A-022_MAT.txt,academic,academic,academic,written
academicW2A-023_MAT.txt,academic,academic,academic,written
academicW2A-024_MAT.txt,academic,academic,academic,written
academicW2A-025_MAT.txt,academic,academic,academic,written
academicW2A-026_MAT.txt,academic,academic,academic,written
academicW2A-027_MAT.txt,academic,academic,academic,written
academicW2A-028_MAT.txt,academic,academic,academic,written
academicW2A-029_MAT.txt,academic,academic,academic,written
academicW2A-030_MAT.txt,academic,academic,academic,written
academicW2A-031_MAT.txt,academic,academic,academic,written
academicW2A-032_MAT.txt,academic,academic,academic,written
academicW2A-033_MAT.txt,academic,academic,academic,written
academicW2A-034_MAT.txt,academic,academic,academic,written
academicW2A-035_MAT.txt,academic,academic,academic,written
academicW2A-036_MAT.txt,academic,academic,academic,written
academicW2A-037_MAT.txt,academic,academic,academic,written
academicW2A-038_MAT.txt,academic,academic,academic,written
academicW2A-039_MAT.txt,academic,academic,academic,written
academicW2A-040_MAT.txt,academic,academic,academic,written
brdcastdS1B-021_MAT.txt,broadcast discussion,broadcast,public dialogue,spoken
brdcastdS1B-022_MAT.txt,broadcast discussion,broadcast,public dialogue,spoken
brdcastdS1B-023_MAT.txt,broadcast discussion,broadcast,public dialogue,spoken
brdcastdS1B-024_MAT.txt,broadcast discussion,broadcast,public dialogue,spoken
brdcastdS1B-025_MAT.txt,broadcast discussion,broadcast,public dialogue,spoken
brdcastdS1B-026_MAT.txt,broadcast discussion,broadcast,public dialogue,spoken
brdcastdS1B-027_MAT.txt,broadcast discussion,broadcast,public dialogue,spoken
brdcastdS1B-028_MAT.txt,broadcast discussion,broadcast,public dialogue,spoken
brdcastdS1B-029_MAT.txt,broadcast discussion,broadcast,public dialogue,spoken
brdcastdS1B-030_MAT.txt,broadcast discussion,broadcast,public dialogue,spoken
brdcastdS1B-031_MAT.txt,broadcast discussion,broadcast,public dialogue,spoken
brdcastdS1B-032_MAT.txt,broadcast discussion,broadcast,public dialogue,spoken
brdcastdS1B-033_MAT.txt,broadcast discussion,broadcast,public dialogue,spoken
brdcastdS1B-034_MAT.txt,broadcast discussion,broadcast,public dialogue,spoken
brdcastdS1B-035_MAT.txt,broadcast discussion,broadcast,public dialogue,spoken
brdcastdS1B-036_MAT.txt,broadcast discussion,broadcast,public dialogue,spoken
brdcastdS1B-037_MAT.txt,broadcast discussion,broadcast,public dialogue,spoken
brdcastdS1B-038_MAT.txt,broadcast discussion,broadcast,public dialogue,spoken
brdcastdS1B-039_MAT.txt,broadcast discussion,broadcast,public dialogue,spoken
brdcastdS1B-040_MAT.txt,broadcast discussion,broadcast,public dialogue,spoken
brdcastiS1B-041_MAT.txt,broadcast interview,broadcast,public dialogue,spoken
brdcastiS1B-042_MAT.txt,broadcast interview,broadcast,public dialogue,spoken
brdcastiS1B-043_MAT.txt,broadcast interview,broadcast,public dialogue,spoken
brdcastiS1B-044_MAT.txt,broadcast interview,broadcast,public dialogue,spoken
brdcastiS1B-045_MAT.txt,broadcast interview,broadcast,public dialogue,spoken
brdcastiS1B-046_MAT.txt,broadcast interview,broadcast,public dialogue,spoken
brdcastiS1B-047_MAT.txt,broadcast interview,broadcast,public dialogue,spoken
brdcastiS1B-048_MAT.txt,broadcast interview,broadcast,public dialogue,spoken
brdcastiS1B-049_MAT.txt,broadcast interview,broadcast,public dialogue,spoken
brdcastiS1B-050_MAT.txt,broadcast interview,broadcast,public dialogue,spoken
businessS1B-071_MAT.txt,business transactions,business transactions,public dialogue,spoken
businessS1B-072_MAT.txt,business transactions,business transactions,public dialogue,spoken
businessS1B-073_MAT.txt,business transactions,business transactions,public dialogue,spoken
businessS1B-074_MAT.txt,business transactions,business transactions,public dialogue,spoken
businessS1B-075_MAT.txt,business transactions,business transactions,public dialogue,spoken
businessS1B-076_MAT.txt,business transactions,business transactions,public dialogue,spoken
businessS1B-077_MAT.txt,business transactions,business transactions,public dialogue,spoken
businessS1B-078_MAT.txt,business transactions,business transactions,public dialogue,spoken
businessS1B-079_MAT.txt,business transactions,business transactions,public dialogue,spoken
businessS1B-080_MAT.txt,business transactions,business transactions,public dialogue,spoken
commentariesS2A-001_MAT.txt,commentaries,commentaries,unscripted,spoken
commentariesS2A-002_MAT.txt,commentaries,commentaries,unscripted,spoken
commentariesS2A-003_MAT.txt,commentaries,commentaries,unscripted,spoken
commentariesS2A-004_MAT.txt,commentaries,commentaries,unscripted,spoken
commentariesS2A-005_MAT.txt,commentaries,commentaries,unscripted,spoken
commentariesS2A-006_MAT.txt,commentaries,commentaries,unscripted,spoken
commentariesS2A-007_MAT.txt,commentaries,commentaries,unscripted,spoken
commentariesS2A-008_MAT.txt,commentaries,commentaries,unscripted,spoken
commentariesS2A-009_MAT.txt,commentaries,commentaries,unscripted,spoken
commentariesS2A-010_MAT.txt,commentaries,commentaries,unscripted,spoken
commentariesS2A-011_MAT.txt,commentaries,commentaries,unscripted,spoken
commentariesS2A-012_MAT.txt,commentaries,commentaries,unscripted,spoken
commentariesS2A-013_MAT.txt,commentaries,commentaries,unscripted,spoken
commentariesS2A-014_MAT.txt,commentaries,commentaries,unscripted,spoken
commentariesS2A-015_MAT.txt,commentaries,commentaries,unscripted,spoken
commentariesS2A-016_MAT.txt,commentaries,commentaries,unscripted,spoken
commentariesS2A-017_MAT.txt,commentaries,commentaries,unscripted,spoken
commentariesS2A-018_MAT.txt,commentaries,commentaries,unscripted,spoken
commentariesS2A-019_MAT.txt,commentaries,commentaries,unscripted,spoken
commentariesS2A-020_MAT.txt,commentaries,commentaries,unscripted,spoken
comments2012.4527764_MAT.txt,online comments,online comments,online comments,written
comments2013.10374471_MAT.txt,online comments,online comments,online comments,written
comments2013.10749814_MAT.txt,online comments,online comments,online comments,written
comments2013.11580291_MAT.txt,online comments,online comments,online comments,written
comments2013.11712162_MAT.txt,online comments,online comments,online comments,written
comments2013.12758327_MAT.txt,online comments,online comments,online comments,written
comments2013.13338436_MAT.txt,online comments,online comments,online comments,written
comments2013.13545348_MAT.txt,online comments,online comments,online comments,written
comments2013.13702405_MAT.txt,online comments,online comments,online comments,written
comments2013.14654368_MAT.txt,online comments,online comments,online comments,written
comments2013.15015350_MAT.txt,online comments,online comments,online comments,written
comments2013.15258988_MAT.txt,online comments,online comments,online comments,written
comments2013.15551439_MAT.txt,online comments,online comments,online comments,written
comments2013.15683665_MAT.txt,online comments,online comments,online comments,written
comments2013.16059313_MAT.txt,online comments,online comments,online comments,written
comments2013.16069972_MAT.txt,online comments,online comments,online comments,written
comments2013.7536781_MAT.txt,online comments,online comments,online comments,written
comments2014.17357464_MAT.txt,online comments,online comments,online comments,written
comments2014.18056398_MAT.txt,online comments,online comments,online comments,written
comments2014.18209186_MAT.txt,online comments,online comments,online comments,written
comments2014.18458939_MAT.txt,online comments,online comments,online comments,written
comments2014.18535432_MAT.txt,online comments,online comments,online comments,written
comments2014.19155297_MAT.txt,online comments,online comments,online comments,written
comments2014.19358016_MAT.txt,online comments,online comments,online comments,written
comments2014.19453027_MAT.txt,online comments,online comments,online comments,written
comments2014.19472467_MAT.txt,online comments,online comments,online comments,written
comments2014.19533911_MAT.txt,online comments,online comments,online comments,written
comments2014.19911352_MAT.txt,online comments,online comments,online comments,written
comments2014.20274623_MAT.txt,online comments,online comments,online comments,written
comments2014.20274739_MAT.txt,online comments,online comments,online comments,written
comments2014.20704953_MAT.txt,online comments,online comments,online comments,written
comments2014.21614519_MAT.txt,online comments,online comments,online comments,written
comments2014.21834658_MAT.txt,online comments,online comments,online comments,written
comments2014.22070704_MAT.txt,online comments,online comments,online comments,written
comments2015.22423565_MAT.txt,online comments,online comments,online comments,written
comments2015.23044006_MAT.txt,online comments,online comments,online comments,written
comments2015.23304237_MAT.txt,online comments,online comments,online comments,written
comments2015.23395519_MAT.txt,online comments,online comments,online comments,written
comments2015.23440363_MAT.txt,online comments,online comments,online comments,written
comments2015.23701139_MAT.txt,online comments,online comments,online comments,written
comments2015.24123971_MAT.txt,online comments,online comments,online comments,written
comments2015.24150908_MAT.txt,online comments,online comments,online comments,written
comments2015.24649804_MAT.txt,online comments,online comments,online comments,written
comments2015.25141317_MAT.txt,online comments,online comments,online comments,written
comments2015.25149957_MAT.txt,online comments,online comments,online comments,written
comments2015.25873126_MAT.txt,online comments,online comments,online comments,written
comments2015.26023945_MAT.txt,online comments,online comments,online comments,written
comments2015.26055892_MAT.txt,online comments,online comments,online comments,written
comments2015.26151269_MAT.txt,online comments,online comments,online comments,written
comments2015.26415827_MAT.txt,online comments,online comments,online comments,written
comments2015.26904315_MAT.txt,online comments,online comments,online comments,written
comments2015.26995524_MAT.txt,online comments,online comments,online comments,written
comments2015.27165050_MAT.txt,online comments,online comments,online comments,written
comments2015.27239046_MAT.txt,online comments,online comments,online comments,written
comments2015.27535617_MAT.txt,online comments,online comments,online comments,written
comments2015.27608744_MAT.txt,online comments,online comments,online comments,written
comments2015.27695104_MAT.txt,online comments,online comments,online comments,written
comments2015.27743898_MAT.txt,online comments,online comments,online comments,written
comments2015.27910650_MAT.txt,online comments,online comments,online comments,written
comments2016.28439365_MAT.txt,online comments,online comments,online comments,written
comments2016.28746460_MAT.txt,online comments,online comments,online comments,written
comments2016.28814433_MAT.txt,online comments,online comments,online comments,written
comments2016.29030490_MAT.txt,online comments,online comments,online comments,written
comments2016.29282579_MAT.txt,online comments,online comments,online comments,written
comments2016.29295022_MAT.txt,online comments,online comments,online comments,written
comments2016.29494028_MAT.txt,online comments,online comments,online comments,written
comments2016.29661863_MAT.txt,online comments,online comments,online comments,written
comments2016.30273090_MAT.txt,online comments,online comments,online comments,written
comments2016.30726665_MAT.txt,online comments,online comments,online comments,written
comments2016.31520824_MAT.txt,online comments,online comments,online comments,written
comments2016.31691976_MAT.txt,online comments,online comments,online comments,written
comments2016.32301637_MAT.txt,online comments,online comments,online comments,written
comments2016.32323302_MAT.txt,online comments,online comments,online comments,written
comments2016.32357872_MAT.txt,online comments,online comments,online comments,written
comments2016.32605392_MAT.txt,online comments,online comments,online comments,written
comments2016.32709233_MAT.txt,online comments,online comments,online comments,written
comments2016.32970744_MAT.txt,online comments,online comments,online comments,written
comments2016.33207704_MAT.txt,online comments,online comments,online comments,written
comments2016.33285872_MAT.txt,online comments,online comments,online comments,written
comments2016.33373272_MAT.txt,online comments,online comments,online comments,written
conversationS1A-001_MAT.txt,conversation,conversation,private dialogue,spoken
conversationS1A-002_MAT.txt,conversation,conversation,private dialogue,spoken
conversationS1A-003_MAT.txt,conversation,conversation,private dialogue,spoken
conversationS1A-004_MAT.txt,conversation,conversation,private dialogue,spoken
conversationS1A-005_MAT.txt,conversation,conversation,private dialogue,spoken
conversationS1A-006_MAT.txt,conversation,conversation,private dialogue,spoken
conversationS1A-007_MAT.txt,conversation,conversation,private dialogue,spoken
conversationS1A-008_MAT.txt,conversation,conversation,private dialogue,spoken
conversationS1A-009_MAT.txt,conversation,conversation,private dialogue,spoken
conversationS1A-010_MAT.txt,conversation,conversation,private dialogue,spoken
conversationS1A-011_MAT.txt,conversation,conversation,private dialogue,spoken
conversationS1A-012_MAT.txt,conversation,conversation,private dialogue,spoken
conversationS1A-013_MAT.txt,conversation,conversation,private dialogue,spoken
conversationS1A-014_MAT.txt,conversation,conversation,private dialogue,spoken
conversationS1A-015_MAT.txt,conversation,conversation,private dialogue,spoken
conversationS1A-016_MAT.txt,conversation,conversation,private dialogue,spoken
conversationS1A-017_MAT.txt,conversation,conversation,private dialogue,spoken
conversationS1A-018_MAT.txt,conversation,conversation,private dialogue,spoken
conversationS1A-019_MAT.txt,conversation,conversation,private dialogue,spoken
conversationS1A-020_MAT.txt,conversation,conversation,private dialogue,spoken
conversationS1A-021_MAT.txt,conversation,conversation,private dialogue,spoken
conversationS1A-022_MAT.txt,conversation,conversation,private dialogue,spoken
conversationS1A-023_MAT.txt,conversation,conversation,private dialogue,spoken
conversationS1A-024_MAT.txt,conversation,conversation,private dialogue,spoken
conversationS1A-025_MAT.txt,conversation,conversation,private dialogue,spoken
conversationS1A-026_MAT.txt,conversation,conversation,private dialogue,spoken
conversationS1A-027_MAT.txt,conversation,conversation,private dialogue,spoken
conversationS1A-028_MAT.txt,conversation,conversation,private dialogue,spoken
conversationS1A-029_MAT.txt,conversation,conversation,private dialogue,spoken
conversationS1A-030_MAT.txt,conversation,conversation,private dialogue,spoken
conversationS1A-031_MAT.txt,conversation,conversation,private dialogue,spoken
conversationS1A-032_MAT.txt,conversation,conversation,private dialogue,spoken
conversationS1A-033_MAT.txt,conversation,conversation,private dialogue,spoken
conversationS1A-034_MAT.txt,conversation,conversation,private dialogue,spoken
conversationS1A-035_MAT.txt,conversation,conversation,private dialogue,spoken
conversationS1A-036_MAT.txt,conversation,conversation,private dialogue,spoken
conversationS1A-037_MAT.txt,conversation,conversation,private dialogue,spoken
conversationS1A-038_MAT.txt,conversation,conversation,private dialogue,spoken
conversationS1A-039_MAT.txt,conversation,conversation,private dialogue,spoken
conversationS1A-040_MAT.txt,conversation,conversation,private dialogue,spoken
conversationS1A-041_MAT.txt,conversation,conversation,private dialogue,spoken
conversationS1A-042_MAT.txt,conversation,conversation,private dialogue,spoken
conversationS1A-043_MAT.txt,conversation,conversation,private dialogue,spoken
conversationS1A-044_MAT.txt,conversation,conversation,private dialogue,spoken
conversationS1A-045_MAT.txt,conversation,conversation,private dialogue,spoken
conversationS1A-046_MAT.txt,conversation,conversation,private dialogue,spoken
conversationS1A-047_MAT.txt,conversation,conversation,private dialogue,spoken
conversationS1A-048_MAT.txt,conversation,conversation,private dialogue,spoken
conversationS1A-049_MAT.txt,conversation,conversation,private dialogue,spoken
conversationS1A-050_MAT.txt,conversation,conversation,private dialogue,spoken
conversationS1A-051_MAT.txt,conversation,conversation,private dialogue,spoken
conversationS1A-052_MAT.txt,conversation,conversation,private dialogue,spoken
conversationS1A-053_MAT.txt,conversation,conversation,private dialogue,spoken
conversationS1A-054_MAT.txt,conversation,conversation,private dialogue,spoken
conversationS1A-055_MAT.txt,conversation,conversation,private dialogue,spoken
conversationS1A-056_MAT.txt,conversation,conversation,private dialogue,spoken
conversationS1A-057_MAT.txt,conversation,conversation,private dialogue,spoken
conversationS1A-058_MAT.txt,conversation,conversation,private dialogue,spoken
conversationS1A-059_MAT.txt,conversation,conversation,private dialogue,spoken
conversationS1A-060_MAT.txt,conversation,conversation,private dialogue,spoken
conversationS1A-061_MAT.txt,conversation,conversation,private dialogue,spoken
conversationS1A-062_MAT.txt,conversation,conversation,private dialogue,spoken
conversationS1A-063_MAT.txt,conversation,conversation,private dialogue,spoken
conversationS1A-064_MAT.txt,conversation,conversation,private dialogue,spoken
conversationS1A-065_MAT.txt,conversation,conversation,private dialogue,spoken
conversationS1A-066_MAT.txt,conversation,conversation,private dialogue,spoken
conversationS1A-067_MAT.txt,conversation,conversation,private dialogue,spoken
conversationS1A-068_MAT.txt,conversation,conversation,private dialogue,spoken
conversationS1A-069_MAT.txt,conversation,conversation,private dialogue,spoken
conversationS1A-070_MAT.txt,conversation,conversation,private dialogue,spoken
conversationS1A-071_MAT.txt,conversation,conversation,private dialogue,spoken
conversationS1A-072_MAT.txt,conversation,conversation,private dialogue,spoken
conversationS1A-073_MAT.txt,conversation,conversation,private dialogue,spoken
conversationS1A-074_MAT.txt,conversation,conversation,private dialogue,spoken
conversationS1A-075_MAT.txt,conversation,conversation,private dialogue,spoken
conversationS1A-076_MAT.txt,conversation,conversation,private dialogue,spoken
conversationS1A-077_MAT.txt,conversation,conversation,private dialogue,spoken
conversationS1A-078_MAT.txt,conversation,conversation,private dialogue,spoken
conversationS1A-079_MAT.txt,conversation,conversation,private dialogue,spoken
conversationS1A-080_MAT.txt,conversation,conversation,private dialogue,spoken
conversationS1A-081_MAT.txt,conversation,conversation,private dialogue,spoken
conversationS1A-082_MAT.txt,conversation,conversation,private dialogue,spoken
conversationS1A-083_MAT.txt,conversation,conversation,private dialogue,spoken
conversationS1A-084_MAT.txt,conversation,conversation,private dialogue,spoken
conversationS1A-085_MAT.txt,conversation,conversation,private dialogue,spoken
conversationS1A-086_MAT.txt,conversation,conversation,private dialogue,spoken
conversationS1A-087_MAT.txt,conversation,conversation,private dialogue,spoken
conversationS1A-088_MAT.txt,conversation,conversation,private dialogue,spoken
conversationS1A-089_MAT.txt,conversation,conversation,private dialogue,spoken
conversationS1A-090_MAT.txt,conversation,conversation,private dialogue,spoken
demonstrationsS2A-051_MAT.txt,demonstrations,demonstrations,unscripted,spoken
demonstrationsS2A-052_MAT.txt,demonstrations,demonstrations,unscripted,spoken
demonstrationsS2A-053_MAT.txt,demonstrations,demonstrations,unscripted,spoken
demonstrationsS2A-054_MAT.txt,demonstrations,demonstrations,unscripted,spoken
demonstrationsS2A-055_MAT.txt,demonstrations,demonstrations,unscripted,spoken
demonstrationsS2A-056_MAT.txt,demonstrations,demonstrations,unscripted,spoken
demonstrationsS2A-057_MAT.txt,demonstrations,demonstrations,unscripted,spoken
demonstrationsS2A-058_MAT.txt,demonstrations,demonstrations,unscripted,spoken
demonstrationsS2A-059_MAT.txt,demonstrations,demonstrations,unscripted,spoken
demonstrationsS2A-060_MAT.txt,demonstrations,demonstrations,unscripted,spoken
examsW1A-011_MAT.txt,exams,exams,non-professional writing,written
examsW1A-012_MAT.txt,exams,exams,non-professional writing,written
examsW1A-013_MAT.txt,exams,exams,non-professional writing,written
examsW1A-014_MAT.txt,exams,exams,non-professional writing,written
examsW1A-015_MAT.txt,exams,exams,non-professional writing,written
examsW1A-016_MAT.txt,exams,exams,non-professional writing,written
examsW1A-017_MAT.txt,exams,exams,non-professional writing,written
examsW1A-018_MAT.txt,exams,exams,non-professional writing,written
examsW1A-019_MAT.txt,exams,exams,non-professional writing,written
examsW1A-020_MAT.txt,exams,exams,non-professional writing,written
fictionW2F-001_MAT.txt,fiction,fiction,fiction,written
fictionW2F-002_MAT.txt,fiction,fiction,fiction,written
fictionW2F-003_MAT.txt,fiction,fiction,fiction,written
fictionW2F-004_MAT.txt,fiction,fiction,fiction,written
fictionW2F-005_MAT.txt,fiction,fiction,fiction,written
fictionW2F-006_MAT.txt,fiction,fiction,fiction,written
fictionW2F-007_MAT.txt,fiction,fiction,fiction,written
fictionW2F-008_MAT.txt,fiction,fiction,fiction,written
fictionW2F-009_MAT.txt,fiction,fiction,fiction,written
fictionW2F-010_MAT.txt,fiction,fiction,fiction,written
fictionW2F-011_MAT.txt,fiction,fiction,fiction,written
fictionW2F-012_MAT.txt,fiction,fiction,fiction,written
fictionW2F-013_MAT.txt,fiction,fiction,fiction,written
fictionW2F-014_MAT.txt,fiction,fiction,fiction,written
fictionW2F-015_MAT.txt,fiction,fiction,fiction,written
fictionW2F-016_MAT.txt,fiction,fiction,fiction,written
fictionW2F-017_MAT.txt,fiction,fiction,fiction,written
fictionW2F-018_MAT.txt,fiction,fiction,fiction,written
fictionW2F-019_MAT.txt,fiction,fiction,fiction,written
fictionW2F-020_MAT.txt,fiction,fiction,fiction,written
instructionalW2D-001_MAT.txt,instructional,instructional,instructional,written
instructionalW2D-002_MAT.txt,instructional,instructional,instructional,written
instructionalW2D-003_MAT.txt,instructional,instructional,instructional,written
instructionalW2D-004_MAT.txt,instructional,instructional,instructional,written
instructionalW2D-005_MAT.txt,instructional,instructional,instructional,written
instructionalW2D-006_MAT.txt,instructional,instructional,instructional,written
instructionalW2D-007_MAT.txt,instructional,instructional,instructional,written
instructionalW2D-008_MAT.txt,instructional,instructional,instructional,written
instructionalW2D-009_MAT.txt,instructional,instructional,instructional,written
instructionalW2D-010_MAT.txt,instructional,instructional,instructional,written
instructionalW2D-011_MAT.txt,instructional,instructional,instructional,written
instructionalW2D-012_MAT.txt,instructional,instructional,instructional,written
instructionalW2D-013_MAT.txt,instructional,instructional,instructional,written
instructionalW2D-014_MAT.txt,instructional,instructional,instructional,written
instructionalW2D-015_MAT.txt,instructional,instructional,instructional,written
instructionalW2D-016_MAT.txt,instructional,instructional,instructional,written
instructionalW2D-017_MAT.txt,instructional,instructional,instructional,written
instructionalW2D-018_MAT.txt,instructional,instructional,instructional,written
instructionalW2D-019_MAT.txt,instructional,instructional,instructional,written
instructionalW2D-020_MAT.txt,instructional,instructional,instructional,written
legal-presentationS2A-061_MAT.txt,legal presentation,legal presentation,unscripted,spoken
legal-presentationS2A-062_MAT.txt,legal presentation,legal presentation,unscripted,spoken
legal-presentationS2A-063_MAT.txt,legal presentation,legal presentation,unscripted,spoken
legal-presentationS2A-064_MAT.txt,legal presentation,legal presentation,unscripted,spoken
legal-presentationS2A-065_MAT.txt,legal presentation,legal presentation,unscripted,spoken
legal-presentationS2A-066_MAT.txt,legal presentation,legal presentation,unscripted,spoken
legal-presentationS2A-067_MAT.txt,legal presentation,legal presentation,unscripted,spoken
legal-presentationS2A-068_MAT.txt,legal presentation,legal presentation,unscripted,spoken
legal-presentationS2A-069_MAT.txt,legal presentation,legal presentation,unscripted,spoken
legal-presentationS2A-070_MAT.txt,legal presentation,legal presentation,unscripted,spoken
legalS1B-061_MAT.txt,cross-examinations,cross-examinations,public dialogue,spoken
legalS1B-062_MAT.txt,cross-examinations,cross-examinations,public dialogue,spoken
legalS1B-063_MAT.txt,cross-examinations,cross-examinations,public dialogue,spoken
legalS1B-064_MAT.txt,cross-examinations,cross-examinations,public dialogue,spoken
legalS1B-065_MAT.txt,cross-examinations,cross-examinations,public dialogue,spoken
legalS1B-066_MAT.txt,cross-examinations,cross-examinations,public dialogue,spoken
legalS1B-067_MAT.txt,cross-examinations,cross-examinations,public dialogue,spoken
legalS1B-068_MAT.txt,cross-examinations,cross-examinations,public dialogue,spoken
legalS1B-069_MAT.txt,cross-examinations,cross-examinations,public dialogue,spoken
legalS1B-070_MAT.txt,cross-examinations,cross-examinations,public dialogue,spoken
lessonS1B-001_MAT.txt,lesson,lesson,public dialogue,spoken
lessonS1B-002_MAT.txt,lesson,lesson,public dialogue,spoken
lessonS1B-003_MAT.txt,lesson,lesson,public dialogue,spoken
lessonS1B-004_MAT.txt,lesson,lesson,public dialogue,spoken
lessonS1B-005_MAT.txt,lesson,lesson,public dialogue,spoken
lessonS1B-006_MAT.txt,lesson,lesson,public dialogue,spoken
lessonS1B-007_MAT.txt,lesson,lesson,public dialogue,spoken
lessonS1B-008_MAT.txt,lesson,lesson,public dialogue,spoken
lessonS1B-009_MAT.txt,lesson,lesson,public dialogue,spoken
lessonS1B-010_MAT.txt,lesson,lesson,public dialogue,spoken
lessonS1B-011_MAT.txt,lesson,lesson,public dialogue,spoken
lessonS1B-012_MAT.txt,lesson,lesson,public dialogue,spoken
lessonS1B-013_MAT.txt,lesson,lesson,public dialogue,spoken
lessonS1B-014_MAT.txt,lesson,lesson,public dialogue,spoken
lessonS1B-015_MAT.txt,lesson,lesson,public dialogue,spoken
lessonS1B-016_MAT.txt,lesson,lesson,public dialogue,spoken
lessonS1B-017_MAT.txt,lesson,lesson,public dialogue,spoken
lessonS1B-018_MAT.txt,lesson,lesson,public dialogue,spoken
lessonS1B-019_MAT.txt,lesson,lesson,public dialogue,spoken
lessonS1B-020_MAT.txt,lesson,lesson,public dialogue,spoken
lettersbW1B-016_MAT.txt,business letters,business letters,letters,written
lettersbW1B-017_MAT.txt,business letters,business letters,letters,written
lettersbW1B-018_MAT.txt,business letters,business letters,letters,written
lettersbW1B-019_MAT.txt,business letters,business letters,letters,written
lettersbW1B-020_MAT.txt,business letters,business letters,letters,written
lettersbW1B-021_MAT.txt,business letters,business letters,letters,written
lettersbW1B-022_MAT.txt,business letters,business letters,letters,written
lettersbW1B-023_MAT.txt,business letters,business letters,letters,written
lettersbW1B-024_MAT.txt,business letters,business letters,letters,written
lettersbW1B-025_MAT.txt,business letters,business letters,letters,written
lettersbW1B-026_MAT.txt,business letters,business letters,letters,written
lettersbW1B-027_MAT.txt,business letters,business letters,letters,written
lettersbW1B-028_MAT.txt,business letters,business letters,letters,written
lettersbW1B-029_MAT.txt,business letters,business letters,letters,written
lettersbW1B-030_MAT.txt,business letters,business letters,letters,written
letterssW1B-001_MAT.txt,social letters,social letters,letters,written
letterssW1B-002_MAT.txt,social letters,social letters,letters,written
letterssW1B-003_MAT.txt,social letters,social letters,letters,written
letterssW1B-004_MAT.txt,social letters,social letters,letters,written
letterssW1B-005_MAT.txt,social letters,social letters,letters,written
letterssW1B-006_MAT.txt,social letters,social letters,letters,written
letterssW1B-007_MAT.txt,social letters,social letters,letters,written
letterssW1B-008_MAT.txt,social letters,social letters,letters,written
letterssW1B-009_MAT.txt,social letters,social letters,letters,written
letterssW1B-010_MAT.txt,social letters,social letters,letters,written
letterssW1B-011_MAT.txt,social letters,social letters,letters,written
letterssW1B-012_MAT.txt,social letters,social letters,letters,written
letterssW1B-013_MAT.txt,social letters,social letters,letters,written
letterssW1B-014_MAT.txt,social letters,social letters,letters,written
letterssW1B-015_MAT.txt,social letters,social letters,letters,written
nonacademicW2B-001_MAT.txt,non-academic,non-academic,non-academic,written
nonacademicW2B-002_MAT.txt,non-academic,non-academic,non-academic,written
nonacademicW2B-003_MAT.txt,non-academic,non-academic,non-academic,written
nonacademicW2B-004_MAT.txt,non-academic,non-academic,non-academic,written
nonacademicW2B-005_MAT.txt,non-academic,non-academic,non-academic,written
nonacademicW2B-006_MAT.txt,non-academic,non-academic,non-academic,written
nonacademicW2B-007_MAT.txt,non-academic,non-academic,non-academic,written
nonacademicW2B-008_MAT.txt,non-academic,non-academic,non-academic,written
nonacademicW2B-009_MAT.txt,non-academic,non-academic,non-academic,written
nonacademicW2B-010_MAT.txt,non-academic,non-academic,non-academic,written
nonacademicW2B-011_MAT.txt,non-academic,non-academic,non-academic,written
nonacademicW2B-012_MAT.txt,non-academic,non-academic,non-academic,written
nonacademicW2B-013_MAT.txt,non-academic,non-academic,non-academic,written
nonacademicW2B-014_MAT.txt,non-academic,non-academic,non-academic,written
nonacademicW2B-015_MAT.txt,non-academic,non-academic,non-academic,written
nonacademicW2B-016_MAT.txt,non-academic,non-academic,non-academic,written
nonacademicW2B-017_MAT.txt,non-academic,non-academic,non-academic,written
nonacademicW2B-018_MAT.txt,non-academic,non-academic,non-academic,written
nonacademicW2B-019_MAT.txt,non-academic,non-academic,non-academic,written
nonacademicW2B-020_MAT.txt,non-academic,non-academic,non-academic,written
nonacademicW2B-021_MAT.txt,non-academic,non-academic,non-academic,written
nonacademicW2B-022_MAT.txt,non-academic,non-academic,non-academic,written
nonacademicW2B-023_MAT.txt,non-academic,non-academic,non-academic,written
nonacademicW2B-024_MAT.txt,non-academic,non-academic,non-academic,written
nonacademicW2B-025_MAT.txt,non-academic,non-academic,non-academic,written
nonacademicW2B-026_MAT.txt,non-academic,non-academic,non-academic,written
nonacademicW2B-027_MAT.txt,non-academic,non-academic,non-academic,written
nonacademicW2B-028_MAT.txt,non-academic,non-academic,non-academic,written
nonacademicW2B-029_MAT.txt,non-academic,non-academic,non-academic,written
nonacademicW2B-030_MAT.txt,non-academic,non-academic,non-academic,written
nonacademicW2B-031_MAT.txt,non-academic,non-academic,non-academic,written
nonacademicW2B-032_MAT.txt,non-academic,non-academic,non-academic,written
nonacademicW2B-033_MAT.txt,non-academic,non-academic,non-academic,written
nonacademicW2B-034_MAT.txt,non-academic,non-academic,non-academic,written
nonacademicW2B-035_MAT.txt,non-academic,non-academic,non-academic,written
nonacademicW2B-036_MAT.txt,non-academic,non-academic,non-academic,written
nonacademicW2B-037_MAT.txt,non-academic,non-academic,non-academic,written
nonacademicW2B-038_MAT.txt,non-academic,non-academic,non-academic,written
nonacademicW2B-039_MAT.txt,non-academic,non-academic,non-academic,written
nonacademicW2B-040_MAT.txt,non-academic,non-academic,non-academic,written
opinionsocc_2012_4527764_MAT.txt,opinion,opinion,opinion,written
opinionsocc_2013_10374471_MAT.txt,opinion,opinion,opinion,written
opinionsocc_2013_11165072_MAT.txt,opinion,opinion,opinion,written
opinionsocc_2013_11717795_MAT.txt,opinion,opinion,opinion,written
opinionsocc_2013_11953755_MAT.txt,opinion,opinion,opinion,written
opinionsocc_2013_12757741_MAT.txt,opinion,opinion,opinion,written
opinionsocc_2013_13041881_MAT.txt,opinion,opinion,opinion,written
opinionsocc_2013_13246177_MAT.txt,opinion,opinion,opinion,written
opinionsocc_2013_13480928_MAT.txt,opinion,opinion,opinion,written
opinionsocc_2013_13636119_MAT.txt,opinion,opinion,opinion,written
opinionsocc_2013_13702405_MAT.txt,opinion,opinion,opinion,written
opinionsocc_2013_13936793_MAT.txt,opinion,opinion,opinion,written
opinionsocc_2013_14057220_MAT.txt,opinion,opinion,opinion,written
opinionsocc_2013_14438334_MAT.txt,opinion,opinion,opinion,written
opinionsocc_2013_14654368_MAT.txt,opinion,opinion,opinion,written
opinionsocc_2013_15551439_MAT.txt,opinion,opinion,opinion,written
opinionsocc_2013_7261247_MAT.txt,opinion,opinion,opinion,written
opinionsocc_2013_8028220_MAT.txt,opinion,opinion,opinion,written
opinionsocc_2013_8131320_MAT.txt,opinion,opinion,opinion,written
opinionsocc_2013_9980674_MAT.txt,opinion,opinion,opinion,written
opinionsocc_2014_17174267_MAT.txt,opinion,opinion,opinion,written
opinionsocc_2014_17497359_MAT.txt,opinion,opinion,opinion,written
opinionsocc_2014_18056398_MAT.txt,opinion,opinion,opinion,written
opinionsocc_2014_18209186_MAT.txt,opinion,opinion,opinion,written
opinionsocc_2014_18535432_MAT.txt,opinion,opinion,opinion,written
opinionsocc_2014_19286962_MAT.txt,opinion,opinion,opinion,written
opinionsocc_2014_19453027_MAT.txt,opinion,opinion,opinion,written
opinionsocc_2014_19472467_MAT.txt,opinion,opinion,opinion,written
opinionsocc_2014_19533911_MAT.txt,opinion,opinion,opinion,written
opinionsocc_2014_19653109_MAT.txt,opinion,opinion,opinion,written
opinionsocc_2014_20274739_MAT.txt,opinion,opinion,opinion,written
opinionsocc_2014_20335529_MAT.txt,opinion,opinion,opinion,written
opinionsocc_2014_20584451_MAT.txt,opinion,opinion,opinion,written
opinionsocc_2014_20704953_MAT.txt,opinion,opinion,opinion,written
opinionsocc_2014_21005170_MAT.txt,opinion,opinion,opinion,written
opinionsocc_2014_21487620_MAT.txt,opinion,opinion,opinion,written
opinionsocc_2014_21834658_MAT.txt,opinion,opinion,opinion,written
opinionsocc_2014_22232143_MAT.txt,opinion,opinion,opinion,written
opinionsocc_2015_22423565_MAT.txt,opinion,opinion,opinion,written
opinionsocc_2015_22660102_MAT.txt,opinion,opinion,opinion,written
opinionsocc_2015_22964833_MAT.txt,opinion,opinion,opinion,written
opinionsocc_2015_23044006_MAT.txt,opinion,opinion,opinion,written
opinionsocc_2015_23440363_MAT.txt,opinion,opinion,opinion,written
opinionsocc_2015_24134911_MAT.txt,opinion,opinion,opinion,written
opinionsocc_2015_24150908_MAT.txt,opinion,opinion,opinion,written
opinionsocc_2015_24454132_MAT.txt,opinion,opinion,opinion,written
opinionsocc_2015_24729955_MAT.txt,opinion,opinion,opinion,written
opinionsocc_2015_24939832_MAT.txt,opinion,opinion,opinion,written
opinionsocc_2015_25249936_MAT.txt,opinion,opinion,opinion,written
opinionsocc_2015_25873126_MAT.txt,opinion,opinion,opinion,written
opinionsocc_2015_25991966_MAT.txt,opinion,opinion,opinion,written
opinionsocc_2015_26135186_MAT.txt,opinion,opinion,opinion,written
opinionsocc_2015_26181565_MAT.txt,opinion,opinion,opinion,written
opinionsocc_2015_26710825_MAT.txt,opinion,opinion,opinion,written
opinionsocc_2015_26749675_MAT.txt,opinion,opinion,opinion,written
opinionsocc_2015_26812437_MAT.txt,opinion,opinion,opinion,written
opinionsocc_2015_26904315_MAT.txt,opinion,opinion,opinion,written
opinionsocc_2015_27049525_MAT.txt,opinion,opinion,opinion,written
opinionsocc_2015_27255554_MAT.txt,opinion,opinion,opinion,written
opinionsocc_2015_27517231_MAT.txt,opinion,opinion,opinion,written
opinionsocc_2015_27535617_MAT.txt,opinion,opinion,opinion,written
opinionsocc_2015_27743898_MAT.txt,opinion,opinion,opinion,written
opinionsocc_2016_29030490_MAT.txt,opinion,opinion,opinion,written
opinionsocc_2016_29069906_MAT.txt,opinion,opinion,opinion,written
opinionsocc_2016_29226322_MAT.txt,opinion,opinion,opinion,written
opinionsocc_2016_29282579_MAT.txt,opinion,opinion,opinion,written
opinionsocc_2016_29661863_MAT.txt,opinion,opinion,opinion,written
opinionsocc_2016_30447388_MAT.txt,opinion,opinion,opinion,written
opinionsocc_2016_30716360_MAT.txt,opinion,opinion,opinion,written
opinionsocc_2016_30726665_MAT.txt,opinion,opinion,opinion,written
opinionsocc_2016_31388410_MAT.txt,opinion,opinion,opinion,written
opinionsocc_2016_31520824_MAT.txt,opinion,opinion,opinion,written
opinionsocc_2016_31691976_MAT.txt,opinion,opinion,opinion,written
opinionsocc_2016_32022717_MAT.txt,opinion,opinion,opinion,written
opinionsocc_2016_32249992_MAT.txt,opinion,opinion,opinion,written
opinionsocc_2016_32293466_MAT.txt,opinion,opinion,opinion,written
opinionsocc_2016_32696265_MAT.txt,opinion,opinion,opinion,written
opinionsocc_2016_32826565_MAT.txt,opinion,opinion,opinion,written
opinionsocc_2016_32836823_MAT.txt,opinion,opinion,opinion,written
opinionsocc_2016_33053462_MAT.txt,opinion,opinion,opinion,written
parliamentS1B-051_MAT.txt,parliamentary debate,parliamentary debate,public dialogue,spoken
parliamentS1B-052_MAT.txt,parliamentary debate,parliamentary debate,public dialogue,spoken
parliamentS1B-053_MAT.txt,parliamentary debate,parliamentary debate,public dialogue,spoken
parliamentS1B-054_MAT.txt,parliamentary debate,parliamentary debate,public dialogue,spoken
parliamentS1B-055_MAT.txt,parliamentary debate,parliamentary debate,public dialogue,spoken
parliamentS1B-056_MAT.txt,parliamentary debate,parliamentary debate,public dialogue,spoken
parliamentS1B-057_MAT.txt,parliamentary debate,parliamentary debate,public dialogue,spoken
parliamentS1B-058_MAT.txt,parliamentary debate,parliamentary debate,public dialogue,spoken
parliamentS1B-059_MAT.txt,parliamentary debate,parliamentary debate,public dialogue,spoken
parliamentS1B-060_MAT.txt,parliamentary debate,parliamentary debate,public dialogue,spoken
persuasiveW2E-001_MAT.txt,persuasive,persuasive,persuasive,written
persuasiveW2E-002_MAT.txt,persuasive,persuasive,persuasive,written
persuasiveW2E-003_MAT.txt,persuasive,persuasive,persuasive,written
persuasiveW2E-004_MAT.txt,persuasive,persuasive,persuasive,written
persuasiveW2E-005_MAT.txt,persuasive,persuasive,persuasive,written
persuasiveW2E-006_MAT.txt,persuasive,persuasive,persuasive,written
persuasiveW2E-007_MAT.txt,persuasive,persuasive,persuasive,written
persuasiveW2E-008_MAT.txt,persuasive,persuasive,persuasive,written
persuasiveW2E-009_MAT.txt,persuasive,persuasive,persuasive,written
persuasiveW2E-010_MAT.txt,persuasive,persuasive,persuasive,written
reportageW2C-001_MAT.txt,reportage,reportage,reportage,written
reportageW2C-002_MAT.txt,reportage,reportage,reportage,written
reportageW2C-003_MAT.txt,reportage,reportage,reportage,written
reportageW2C-004_MAT.txt,reportage,reportage,reportage,written
reportageW2C-005_MAT.txt,reportage,reportage,reportage,written
reportageW2C-006_MAT.txt,reportage,reportage,reportage,written
reportageW2C-007_MAT.txt,reportage,reportage,reportage,written
reportageW2C-008_MAT.txt,reportage,reportage,reportage,written
reportageW2C-009_MAT.txt,reportage,reportage,reportage,written
reportageW2C-010_MAT.txt,reportage,reportage,reportage,written
reportageW2C-011_MAT.txt,reportage,reportage,reportage,written
reportageW2C-012_MAT.txt,reportage,reportage,reportage,written
reportageW2C-013_MAT.txt,reportage,reportage,reportage,written
reportageW2C-014_MAT.txt,reportage,reportage,reportage,written
reportageW2C-015_MAT.txt,reportage,reportage,reportage,written
reportageW2C-016_MAT.txt,reportage,reportage,reportage,written
reportageW2C-017_MAT.txt,reportage,reportage,reportage,written
reportageW2C-018_MAT.txt,reportage,reportage,reportage,written
reportageW2C-019_MAT.txt,reportage,reportage,reportage,written
reportageW2C-020_MAT.txt,reportage,reportage,reportage,written
scripted-brdcastnS2B-001_MAT.txt,scripted broadcast,scripted broadcast,scripted ,spoken
scripted-brdcastnS2B-002_MAT.txt,scripted broadcast,scripted broadcast,scripted ,spoken
scripted-brdcastnS2B-003_MAT.txt,scripted broadcast,scripted broadcast,scripted ,spoken
scripted-brdcastnS2B-004_MAT.txt,scripted broadcast,scripted broadcast,scripted ,spoken
scripted-brdcastnS2B-005_MAT.txt,scripted broadcast,scripted broadcast,scripted ,spoken
scripted-brdcastnS2B-006_MAT.txt,scripted broadcast,scripted broadcast,scripted ,spoken
scripted-brdcastnS2B-007_MAT.txt,scripted broadcast,scripted broadcast,scripted ,spoken
scripted-brdcastnS2B-008_MAT.txt,scripted broadcast,scripted broadcast,scripted ,spoken
scripted-brdcastnS2B-009_MAT.txt,scripted broadcast,scripted broadcast,scripted ,spoken
scripted-brdcastnS2B-010_MAT.txt,scripted broadcast,scripted broadcast,scripted ,spoken
scripted-brdcastnS2B-011_MAT.txt,scripted broadcast,scripted broadcast,scripted ,spoken
scripted-brdcastnS2B-012_MAT.txt,scripted broadcast,scripted broadcast,scripted ,spoken
scripted-brdcastnS2B-013_MAT.txt,scripted broadcast,scripted broadcast,scripted ,spoken
scripted-brdcastnS2B-014_MAT.txt,scripted broadcast,scripted broadcast,scripted ,spoken
scripted-brdcastnS2B-015_MAT.txt,scripted broadcast,scripted broadcast,scripted ,spoken
scripted-brdcastnS2B-016_MAT.txt,scripted broadcast,scripted broadcast,scripted ,spoken
scripted-brdcastnS2B-017_MAT.txt,scripted broadcast,scripted broadcast,scripted ,spoken
scripted-brdcastnS2B-018_MAT.txt,scripted broadcast,scripted broadcast,scripted ,spoken
scripted-brdcastnS2B-019_MAT.txt,scripted broadcast,scripted broadcast,scripted ,spoken
scripted-brdcastnS2B-020_MAT.txt,scripted broadcast,scripted broadcast,scripted ,spoken
scripted-brdcasttS2B-021_MAT.txt,scripted broadcast,scripted broadcast,scripted ,spoken
scripted-brdcasttS2B-022_MAT.txt,scripted broadcast,scripted broadcast,scripted ,spoken
scripted-brdcasttS2B-023_MAT.txt,scripted broadcast,scripted broadcast,scripted ,spoken
scripted-brdcasttS2B-024_MAT.txt,scripted broadcast,scripted broadcast,scripted ,spoken
scripted-brdcasttS2B-025_MAT.txt,scripted broadcast,scripted broadcast,scripted ,spoken
scripted-brdcasttS2B-026_MAT.txt,scripted broadcast,scripted broadcast,scripted ,spoken
scripted-brdcasttS2B-027_MAT.txt,scripted broadcast,scripted broadcast,scripted ,spoken
scripted-brdcasttS2B-028_MAT.txt,scripted broadcast,scripted broadcast,scripted ,spoken
scripted-brdcasttS2B-029_MAT.txt,scripted broadcast,scripted broadcast,scripted ,spoken
scripted-brdcasttS2B-030_MAT.txt,scripted broadcast,scripted broadcast,scripted ,spoken
scripted-brdcasttS2B-031_MAT.txt,scripted broadcast,scripted broadcast,scripted ,spoken
scripted-brdcasttS2B-032_MAT.txt,scripted broadcast,scripted broadcast,scripted ,spoken
scripted-brdcasttS2B-033_MAT.txt,scripted broadcast,scripted broadcast,scripted ,spoken
scripted-brdcasttS2B-034_MAT.txt,scripted broadcast,scripted broadcast,scripted ,spoken
scripted-brdcasttS2B-035_MAT.txt,scripted broadcast,scripted broadcast,scripted ,spoken
scripted-brdcasttS2B-036_MAT.txt,scripted broadcast,scripted broadcast,scripted ,spoken
scripted-brdcasttS2B-037_MAT.txt,scripted broadcast,scripted broadcast,scripted ,spoken
scripted-brdcasttS2B-038_MAT.txt,scripted broadcast,scripted broadcast,scripted ,spoken
scripted-brdcasttS2B-039_MAT.txt,scripted broadcast,scripted broadcast,scripted ,spoken
scripted-brdcasttS2B-040_MAT.txt,scripted broadcast,scripted broadcast,scripted ,spoken
scripted-nonbrdcastS2B-041_MAT.txt,non-broadcast talks,scripted non-broadcast,scripted ,spoken
scripted-nonbrdcastS2B-042_MAT.txt,non-broadcast talks,scripted non-broadcast,scripted ,spoken
scripted-nonbrdcastS2B-043_MAT.txt,non-broadcast talks,scripted non-broadcast,scripted ,spoken
scripted-nonbrdcastS2B-044_MAT.txt,non-broadcast talks,scripted non-broadcast,scripted ,spoken
scripted-nonbrdcastS2B-045_MAT.txt,non-broadcast talks,scripted non-broadcast,scripted ,spoken
scripted-nonbrdcastS2B-046_MAT.txt,non-broadcast talks,scripted non-broadcast,scripted ,spoken
scripted-nonbrdcastS2B-047_MAT.txt,non-broadcast talks,scripted non-broadcast,scripted ,spoken
scripted-nonbrdcastS2B-048_MAT.txt,non-broadcast talks,scripted non-broadcast,scripted ,spoken
scripted-nonbrdcastS2B-049_MAT.txt,non-broadcast talks,scripted non-broadcast,scripted ,spoken
scripted-nonbrdcastS2B-050_MAT.txt,non-broadcast talks,scripted non-broadcast,scripted ,spoken
speechS2A-021_MAT.txt,unscripted speech,unscripted speech,unscripted,spoken
speechS2A-022_MAT.txt,unscripted speech,unscripted speech,unscripted,spoken
speechS2A-023_MAT.txt,unscripted speech,unscripted speech,unscripted,spoken
speechS2A-024_MAT.txt,unscripted speech,unscripted speech,unscripted,spoken
speechS2A-025_MAT.txt,unscripted speech,unscripted speech,unscripted,spoken
speechS2A-026_MAT.txt,unscripted speech,unscripted speech,unscripted,spoken
speechS2A-027_MAT.txt,unscripted speech,unscripted speech,unscripted,spoken
speechS2A-028_MAT.txt,unscripted speech,unscripted speech,unscripted,spoken
speechS2A-029_MAT.txt,unscripted speech,unscripted speech,unscripted,spoken
speechS2A-030_MAT.txt,unscripted speech,unscripted speech,unscripted,spoken
speechS2A-031_MAT.txt,unscripted speech,unscripted speech,unscripted,spoken
speechS2A-032_MAT.txt,unscripted speech,unscripted speech,unscripted,spoken
speechS2A-033_MAT.txt,unscripted speech,unscripted speech,unscripted,spoken
speechS2A-034_MAT.txt,unscripted speech,unscripted speech,unscripted,spoken
speechS2A-035_MAT.txt,unscripted speech,unscripted speech,unscripted,spoken
speechS2A-036_MAT.txt,unscripted speech,unscripted speech,unscripted,spoken
speechS2A-037_MAT.txt,unscripted speech,unscripted speech,unscripted,spoken
speechS2A-038_MAT.txt,unscripted speech,unscripted speech,unscripted,spoken
speechS2A-039_MAT.txt,unscripted speech,unscripted speech,unscripted,spoken
speechS2A-040_MAT.txt,unscripted speech,unscripted speech,unscripted,spoken
speechS2A-041_MAT.txt,unscripted speech,unscripted speech,unscripted,spoken
speechS2A-042_MAT.txt,unscripted speech,unscripted speech,unscripted,spoken
speechS2A-043_MAT.txt,unscripted speech,unscripted speech,unscripted,spoken
speechS2A-044_MAT.txt,unscripted speech,unscripted speech,unscripted,spoken
speechS2A-045_MAT.txt,unscripted speech,unscripted speech,unscripted,spoken
speechS2A-046_MAT.txt,unscripted speech,unscripted speech,unscripted,spoken
speechS2A-047_MAT.txt,unscripted speech,unscripted speech,unscripted,spoken
speechS2A-048_MAT.txt,unscripted speech,unscripted speech,unscripted,spoken
speechS2A-049_MAT.txt,unscripted speech,unscripted speech,unscripted,spoken
speechS2A-050_MAT.txt,unscripted speech,unscripted speech,unscripted,spoken
student-essaysW1A-001_MAT.txt,student essays,student essays,non-professional writing,written
student-essaysW1A-002_MAT.txt,student essays,student essays,non-professional writing,written
student-essaysW1A-003_MAT.txt,student essays,student essays,non-professional writing,written
student-essaysW1A-004_MAT.txt,student essays,student essays,non-professional writing,written
student-essaysW1A-005_MAT.txt,student essays,student essays,non-professional writing,written
student-essaysW1A-006_MAT.txt,student essays,student essays,non-professional writing,written
student-essaysW1A-007_MAT.txt,student essays,student essays,non-professional writing,written
student-essaysW1A-008_MAT.txt,student essays,student essays,non-professional writing,written
student-essaysW1A-009_MAT.txt,student essays,student essays,non-professional writing,written
student-essaysW1A-010_MAT.txt,student essays,student essays,non-professional writing,written
telephoneS1A-091_MAT.txt,telephone,telephone,private dialogue,spoken
telephoneS1A-092_MAT.txt,telephone,telephone,private dialogue,spoken
telephoneS1A-093_MAT.txt,telephone,telephone,private dialogue,spoken
telephoneS1A-094_MAT.txt,telephone,telephone,private dialogue,spoken
telephoneS1A-095_MAT.txt,telephone,telephone,private dialogue,spoken
telephoneS1A-096_MAT.txt,telephone,telephone,private dialogue,spoken
telephoneS1A-097_MAT.txt,telephone,telephone,private dialogue,spoken
telephoneS1A-098_MAT.txt,telephone,telephone,private dialogue,spoken
telephoneS1A-099_MAT.txt,telephone,telephone,private dialogue,spoken
telephoneS1A-100_MAT.txt,telephone,telephone,private dialogue,spoken
